<?xml version="1.0" encoding="utf-8"?>
<!DOCTYPE hibernate-mapping PUBLIC "-//Hibernate/Hibernate Mapping DTD 3.0//EN"
"http://hibernate.sourceforge.net/hibernate-mapping-3.0.dtd">
<!-- 
    Mapping file autogenerated by MyEclipse Persistence Tools
-->
<hibernate-mapping>
    <class name="com.easyhuan.pojo.Gcategory" table="gcategory" catalog="easyhuan">
        <id name="gcategoryId" type="java.lang.Integer">
            <column name="gcategory_id" />
            <generator class="identity" />
        </id>
        <property name="gcategoryName" type="java.lang.String">
            <column name="gcategory_name" not-null="true" />
        </property>
    </class>
</hibernate-mapping>
