<?xml version="1.0" encoding="utf-8"?>
<!DOCTYPE hibernate-mapping PUBLIC "-//Hibernate/Hibernate Mapping DTD 3.0//EN"
"http://hibernate.sourceforge.net/hibernate-mapping-3.0.dtd">
<!-- 
    Mapping file autogenerated by MyEclipse Persistence Tools
-->
<hibernate-mapping>
    <class name="com.easyhuan.pojo.Gcomment" table="gcomment" catalog="easyhuan">
        <id name="gcommentId" type="java.lang.Integer">
            <column name="gcomment_id" />
            <generator class="identity" />
        </id>
        
        <many-to-one name="user" class="com.easyhuan.pojo.User" fetch="select">
            <column name="user_id" not-null="true" />
        </many-to-one>
        <many-to-one name="goods" class="com.easyhuan.pojo.Goods" fetch="select">
            <column name="goods_id" not-null="true" />
        </many-to-one>
        
        <property name="gcommentTime" type="java.sql.Timestamp">
            <column name="gcomment_time" length="19" />
        </property>
        <property name="gcommentContent" type="java.lang.String">
            <column name="gcomment_content" />
        </property>
    </class>
</hibernate-mapping>
