<?xml version="1.0" encoding="utf-8"?>
<!DOCTYPE hibernate-mapping PUBLIC "-//Hibernate/Hibernate Mapping DTD 3.0//EN"
"http://hibernate.sourceforge.net/hibernate-mapping-3.0.dtd">
<!-- 
    Mapping file autogenerated by MyEclipse Persistence Tools
-->
<hibernate-mapping>
    <class name="com.easyhuan.pojo.Goods" table="goods" catalog="easyhuan">
        <id name="goodsId" type="java.lang.Integer">
            <column name="goods_id" />
            <generator class="identity" />
        </id>
        <many-to-one name="user" class="com.easyhuan.pojo.User" fetch="select">
            <column name="user_id" />
        </many-to-one>
        <property name="goodsName" type="java.lang.String">
            <column name="goods_name" />
        </property>
        <property name="goodsDescription" type="java.lang.String">
            <column name="goods_description" />
        </property>
        <property name="goodsPrice" type="java.lang.Double">
            <column name="goods_price" precision="22" scale="0" />
        </property>
        <property name="goodsCategory" type="java.lang.String">
            <column name="goods_category" />
        </property>
        <property name="goodsSale" type="java.lang.Integer">
            <column name="goods_sale" />
        </property>
        <set name="gpictures" inverse="true">
            <key>
                <column name="goods_id" not-null="true" />
            </key>
            <one-to-many class="com.easyhuan.pojo.Gpicture" />
        </set>
        <set name="gcomments" inverse="true">
            <key>
                <column name="goods_id" not-null="true" />
            </key>
            <one-to-many class="com.easyhuan.pojo.Gcomment" />
        </set>
    </class>
</hibernate-mapping>
