<?xml version="1.0" encoding="utf-8"?>
<!DOCTYPE hibernate-mapping PUBLIC "-//Hibernate/Hibernate Mapping DTD 3.0//EN"
"http://hibernate.sourceforge.net/hibernate-mapping-3.0.dtd">
<!-- 
    Mapping file autogenerated by MyEclipse Persistence Tools
-->
<hibernate-mapping>
    <class name="com.easyhuan.pojo.Gpicture" table="gpicture" catalog="easyhuan">
        <id name="gpictureId" type="java.lang.Integer">
            <column name="gpicture_id" />
            <generator class="identity" />
        </id>
        <many-to-one name="goods" class="com.easyhuan.pojo.Goods" fetch="select">
            <column name="goods_id" not-null="true" />
        </many-to-one>
        <property name="gpictureTime" type="java.sql.Timestamp">
            <column name="gpicture_time" length="19" />
        </property>
        <property name="gpictureUrl" type="java.lang.String">
            <column name="gpicture_url" />
        </property>
    </class>
</hibernate-mapping>
