<?xml version="1.0" encoding="utf-8"?>
<!DOCTYPE hibernate-mapping PUBLIC "-//Hibernate/Hibernate Mapping DTD 3.0//EN"
"http://hibernate.sourceforge.net/hibernate-mapping-3.0.dtd">
<!-- 
    Mapping file autogenerated by MyEclipse Persistence Tools
-->
<hibernate-mapping>
    <class name="com.easyhuan.pojo.User" table="user" catalog="easyhuan">
        <id name="userId" type="java.lang.Integer">
            <column name="user_id" />
            <generator class="identity" />
        </id>
        <property name="userName" type="java.lang.String">
            <column name="user_name" />
        </property>
        <property name="userPassword" type="java.lang.String">
            <column name="user_password" />
        </property>
        <property name="userMobile" type="java.lang.Integer">
            <column name="user_mobile" />
        </property>
        <property name="userAddress" type="java.lang.String">
            <column name="user_address" />
        </property>
        <set name="goodses" inverse="true">
            <key>
                <column name="user_id" />
            </key>
            <one-to-many class="com.easyhuan.pojo.Goods" />
        </set>
        <set name="gcomments" inverse="true">
            <key>
                <column name="user_id" not-null="true" />
            </key>
            <one-to-many class="com.easyhuan.pojo.Gcomment" />
        </set>
    </class>
</hibernate-mapping>
