<?xml version='1.0' encoding='UTF-8'?>
<!DOCTYPE hibernate-configuration PUBLIC
          "-//Hibernate/Hibernate Configuration DTD 3.0//EN"
          "http://hibernate.sourceforge.net/hibernate-configuration-3.0.dtd">
<!-- Generated by MyEclipse Hibernate Tools.                   -->
<hibernate-configuration>

	<session-factory>
		<property name="myeclipse.connection.profile">
			Easyhuan
		</property>
		<property name="connection.url">
			jdbc:mysql://localhost:3306/easyhuan
		</property>
		<property name="connection.username">root</property>
		<property name="connection.password">root</property>
		<property name="connection.driver_class">
			com.mysql.jdbc.Driver
		</property>
		<property name="dialect">
			org.hibernate.dialect.MySQLDialect
		</property>
		<mapping resource="com/easyhuan/pojo/Gcategory.hbm.xml" />
		<mapping resource="com/easyhuan/pojo/Gcomment.hbm.xml" />
		<mapping resource="com/easyhuan/pojo/Goods.hbm.xml" />
		<mapping resource="com/easyhuan/pojo/Gpicture.hbm.xml" />
		<mapping resource="com/easyhuan/pojo/User.hbm.xml" />

	</session-factory>

</hibernate-configuration>